Model,MAE,RMSE,R2
Baseline Linear Regression,9830.452548660616,13921.566040819393,0.7905621334700368
DP-SGD Regressor,66719.30568958027,73331.4441953804,-4.811115368256635
